<application>
  <component name="AppStorage">
    <option name="newTranslationDialogWidth" value="594" />
    <option name="newTranslationDialogX" value="671" />
    <option name="newTranslationDialogY" value="335" />
    <histories>
      <item value="recursion" />
      <item value="解决" />
      <item value="i" />
      <item value="Runtime" />
    </histories>
    <option name="languageScores">
      <map>
        <entry key="CHINESE" value="2" />
        <entry key="ENGLISH" value="1" />
      </map>
    </option>
  </component>
  <component name="Cache">
    <option name="lastTrimTime" value="1631864655454" />
  </component>
  <component name="Settings">
    <option name="autoSelectionMode" value="EXCLUSIVE" />
    <option name="googleTranslateSettings">
      <google-translate>
        <option name="primaryLanguage" value="ENGLISH" />
        <option name="useTranslateGoogleCom" value="true" />
      </google-translate>
    </option>
  </component>
</application>